{"train/learning_rate":8.333333333333333e-07,"_timestamp":1.7563761517883322e+09,"_wandb":{"runtime":1185},"train_runtime":1013.6362,"_step":50,"train_steps_per_second":0.247,"train_loss":1.4968532123565674,"_runtime":1185,"train_samples_per_second":1.973,"total_flos":7.11752000864256e+14,"train/loss":0.5016,"train/epoch":3.4722222222222223,"train/global_step":250,"train/grad_norm":2.370720386505127}